Week,Cluster,porcentaje_ganancia_maxima,media_ganancia_peso,media_mililitros,mediana_mililitros,media_segundos_bebedero,mediana_segundos_bebedero,media_segundos_comedero,mediana_segundos_comedero,media_eventos_bebedero,mediana_eventos_bebedero,media_eventos_comedero,mediana_eventos_comedero,numero_datos
4,1,75,0.7278727571437295,76.312,54.370000000000005,21.4,18.0,106.8,56.5,6.5,6.5,10.2,6.0,10
4,2,64,0.6230141615387591,44.29066666666667,18.79,15.8,9.0,105.46666666666667,68.0,4.0,2.0,8.933333333333334,8.0,15
4,3,51,0.5011998181732122,71.34357142857144,50.21499999999999,13.642857142857142,11.0,131.42857142857142,151.5,3.857142857142857,4.0,10.785714285714286,12.0,14
4,4,44,0.42877119382482376,73.25,36.425,25.625,20.0,125.96875,86.0,5.90625,4.0,11.125,9.5,32
4,5,39,0.3764334079260381,70.1546511627907,24.39,17.186046511627907,11.0,91.3953488372093,90.0,4.093023255813954,3.0,8.813953488372093,8.0,43
4,6,32,0.31178696452464943,113.91193548387096,77.92,26.548387096774192,22.0,105.80645161290323,74.0,6.709677419354839,6.0,10.387096774193548,8.0,31
4,7,27,0.26591894115474807,50.059411764705885,6.94,24.11764705882353,18.0,75.05882352941177,44.0,4.9411764705882355,4.0,7.9411764705882355,6.0,17
4,8,20,0.19253647539323637,35.56357142857143,1.795,29.25,26.0,92.42857142857143,80.5,5.964285714285714,4.5,8.428571428571429,8.5,28
