Week,Cluster,porcentaje_ganancia_maxima,media_ganancia_peso,media_mililitros,mediana_mililitros,media_segundos_bebedero,mediana_segundos_bebedero,media_segundos_comedero,mediana_segundos_comedero,media_eventos_bebedero,mediana_eventos_bebedero,media_eventos_comedero,mediana_eventos_comedero,numero_datos
2,1,80,0.4816988045272792,14.495,4.4350000000000005,27.3,15.5,104.2,60.5,5.6,5.0,9.5,6.5,10
2,2,63,0.38187054966567724,17.9925,1.33,16.8,9.5,103.8,62.0,3.65,2.5,8.0,4.5,20
2,3,55,0.3284244221560247,56.0978947368421,22.68,26.473684210526315,13.0,88.0,56.0,4.631578947368421,3.0,8.473684210526315,7.0,19
2,4,48,0.2915959800308651,63.28153846153847,66.48,28.923076923076923,28.0,76.76923076923077,45.0,7.0,5.0,7.076923076923077,6.0,13
2,5,44,0.2619379239022924,36.4405,0.0,25.8,17.0,111.3,71.0,5.95,4.0,10.1,7.5,20
2,6,38,0.22870507761130446,8.368181818181819,0.0,37.81818181818182,42.0,88.0,66.0,7.363636363636363,9.0,8.090909090909092,5.0,11
2,7,26,0.1584692121105514,78.19833333333334,58.485,41.0,40.0,123.33333333333333,108.5,7.5,7.5,11.0,10.0,6
2,8,20,0.12055914209814297,7.61625,1.385,13.875,9.0,37.875,23.5,2.875,2.0,4.125,3.0,8
2,9,12,0.07470997585312504,77.10571428571428,64.54,25.0,25.0,65.57142857142857,38.0,5.571428571428571,5.0,5.714285714285714,4.0,7
